﻿<?xml version="1.0" encoding="utf-8"?>
<root xmlns:ns="http://schemas.microsoft.com/xmltools/2002/xmlvalidation">
	<metadata>
		<result>false</result>
		<errors>1</errors>
		<warnings>0</warnings>
		<startTime>2017-04-14T14:33:22.732</startTime>
		<endTime>2017-04-14T14:33:22.736</endTime>
		<xmlFile>C:\ssis-data\books-invalid.xml</xmlFile>
		<xsdFile>C:\ssis-data\books.xsd</xsdFile>
	</metadata>
	<messages>
		<error line="7" position="56">The 'price' element is invalid - The value 'forty-four dollars and ninety-five cents' is invalid according to its datatype 'http://www.w3.org/2001/XMLSchema:decimal' - The string 'forty-four dollars and ninety-five cents' is not a valid Decimal value.</error>
	</messages>
</root>